,Unnamed: 0,Item Name,CatalogNumber,SMILES,Rack Number,Plate Location
23,23,Malotilate,S1137,CC(C)OC(=O)C(C(=O)OC(C)C)=C1SC=CS1 |c:15|,L1300-01,h3
29,29,Valproic acid sodium salt (Sodium valproate),S1168,[Na+].CCCC(CCC)C([O-])=O,L1300-01,f4
32,32,Anastrozole,S1188,"CC(C)(C#N)C1=CC(=CC(CN2C=NC=N2)=C1)C(C)(C)C#N |c:7,12,14,16,t:5|",L1300-01,a5
34,34,Bicalutamide (Casodex),S1190,"CC(O)(CS(=O)(=O)C1=CC=C(F)C=C1)C(=O)NC1=CC=C(C#N)C(=C1)C(F)(F)F |c:12,24,t:7,9,18,20|",L1300-01,c5
36,36,Thalidomide,S1193,"O=C1N(C2CCC(=O)NC2=O)C(=O)C2=C1C=CC=C2 |c:14,17,19|",L1300-01,e5
37,37,Exemestane,S1196,"[H][C@@]12CCC(=O)[C@@]1(C)CC[C@@]1([H])[C@@]2([H])CC(=C)C2=CC(=O)C=C[C@]12C |r,c:23,t:19|",L1300-01,f5
38,38,Finasteride,S1197,"[H][C@@]12CC[C@H](C(=O)NC(C)(C)C)[C@@]1(C)CC[C@@]1([H])[C@@]2([H])CC[C@@]2([H])NC(=O)C=C[C@]12C |r,c:29|",L1300-01,g5
43,43,Melatonin,S1204,"COC1=CC2=C(NC=C2CCNC(C)=O)C=C1 |c:7,16,t:2,4|",L1300-01,d6
46,46,Adrucil (Fluorouracil),S1209,FC1=CNC(=O)NC1=O |t:1|,L1300-01,g6
61,61,2-Methoxyestradiol,S1233,"[H][C@@]12CC[C@H](O)[C@@]1(C)CC[C@]1([H])C3=CC(OC)=C(O)C=C3CC[C@@]21[H] |r,c:20,t:13,17|",L1300-01,f8
62,62,Letrozole,S1235,"N#CC1=CC=C(C=C1)C(N1C=NC=N1)C1=CC=C(C=C1)C#N |c:4,6,11,13,18,20,t:2,16|",L1300-01,g8
65,65,Agomelatine,S1243,"COC1=CC2=C(CCNC(C)=O)C=CC=C2C=C1 |c:4,12,14,17,t:2|",L1300-01,b9
66,66,Leflunomide,S1247,"CC1=C(C=NO1)C(=O)NC1=CC=C(C=C1)C(F)(F)F |c:3,12,14,t:1,10|",L1300-01,c9
68,68,Dienogest,S1251,"[H][C@@]12CC[C@@](O)(CC#N)[C@@]1(C)CCC1=C3CCC(=O)C=C3CC[C@@]21[H] |r,c:14,20|",L1300-01,e9
71,71,Rufinamide (Banzel),S1256,"NC(=O)C1=CN(CC2=C(F)C=CC=C2F)N=N1 |c:7,10,12,16,t:3|",L1300-01,h9
73,73,Prasugrel (Effient),S1258,"CC(=O)OC1=CC2=C(CCN(C2)C(C(=O)C2CC2)C2=CC=CC=C2F)S1 |c:22,24,t:4,6,20|",L1300-01,b10
74,74,Ramelteon (TAK-375),S1259,"CCC(=O)NCC[C@@H]1CCC2=CC=C3OCCC3=C12 |r,t:10,12,18|",L1300-01,c10
76,76,Celecoxib,S1261,"CC1=CC=C(C=C1)C1=CC(=NN1C1=CC=C(C=C1)S(N)(=O)=O)C(F)(F)F |c:3,5,10,16,18,t:1,8,14|",L1300-01,e10
80,80,Altretamine (Hexalen),S1278,"CN(C)C1=NC(=NC(=N1)N(C)C)N(C)C |c:5,7,t:3|",L1300-01,a11
82,82,Aniracetam,S1281,"COC1=CC=C(C=C1)C(=O)N1CCCC1=O |c:4,6,t:2|",L1300-01,c11
83,83,Artemisinin,S1282,[H][C@@]12CC[C@@H](C)[C@]3([H])CC[C@@]4(C)OO[C@@]13[C@]([H])(OC(=O)[C@@H]2C)O4 |r|,L1300-01,d11
84,84,Asenapine,S1283,"OC(=O)\C=C/C(O)=O.[H][C@]12CN(C)C[C@]1([H])C1=C(OC3=C2C=CC=C3)C=CC(Cl)=C1 |r,c:16,19,22,24,27,30|",L1300-01,e11
86,86,Budesonide,S1286,"[H][C@@]1(CCC)O[C@@H]2C[C@@]3([H])[C@]4([H])CCC5=CC(=O)C=C[C@]5(C)[C@@]4([H])[C@@H](O)C[C@]3(C)[C@@]2(O1)C(=O)CO |r,c:18,t:14|",L1300-01,g11
88,88,Camptothecin,S1288,"CC[C@@]1(O)C(=O)OCC2=C1C=C1N(CC3=C1N=C1C=CC=CC1=C3)C2=O |r,c:8,11,15,20,22,25,t:18|",L1300-02,a1
89,89,Carmofur,S1289,CCCCCCNC(=O)N1C=C(F)C(=O)NC1=O |t:10|,L1300-02,b1
94,94,Ftorafur,S1300,"FC1=CN([C@H]2CCCO2)C(=O)NC1=O |r,t:1|",L1300-02,g1
95,95,Ifosfamide,S1302,ClCCNP1(=O)OCCCN1CCCl,L1300-02,h1
96,96,Megestrol Acetate,S1304,"[H][C@@]12CC[C@](OC(C)=O)(C(C)=O)[C@@]1(C)CC[C@@]1([H])[C@@]2([H])C=C(C)C2=CC(=O)CC[C@]12C |r,t:22,25|",L1300-02,a2
97,97,Mercaptopurine,S1305,"S=C1N=CNC2=C1NC=N2 |c:2,5,9|",L1300-02,b2
101,101,Edaravone (MCI-186),S1326,"CC1=NN(C(=O)C1)C1=CC=CC=C1 |c:10,12,t:1,8|",L1300-02,f2
102,102,Etodolac (Lodine),S1328,"CCC1=CC=CC2=C1NC1=C2CCO[C@]1(CC)CC(O)=O |r,c:4,6,10,t:2|",L1300-02,g2
103,103,Etomidate,S1329,"CCOC(=O)C1=CN=CN1C(C)C1=CC=CC=C1 |c:7,15,17,t:5,13|",L1300-02,h2
106,106,Flumazenil,S1332,"CCOC(=O)C1=C2CN(C)C(=O)C3=CC(F)=CC=C3N2C=N1 |c:5,15,17,22,t:12|",L1300-02,c3
107,107,Fluoxetine  HCl,S1333,"Cl.CNCCC(OC1=CC=C(C=C1)C(F)(F)F)C1=CC=CC=C1 |c:8,10,19,21,t:6,17|",L1300-02,d3
114,114,Lansoprazole,S1354,"CC1=C(OCC(F)(F)F)C=CN=C1CS(=O)C1=NC2=CC=CC=C2N1 |c:1,9,11,21,23,t:17,19|",L1300-02,c4
115,115,Levetiracetam,S1356,CC[C@H](N1CCCC1=O)C(N)=O |r|,L1300-02,d4
116,116,Lidocaine (Alphacaine),S1357,"CCN(CC)CC(=O)NC1=C(C)C=CC=C1C |c:9,12,14|",L1300-02,e4
117,117,Loratadine,S1358,"CCOC(=O)N1CCC(CC1)=C1C2=C(CCC3=C1N=CC=C3)C=C(Cl)C=C2 |c:13,17,20,22,28,t:25|",L1300-02,f4
121,121,Gestodene,S1376,"[H][C@@]12C=C[C@@](O)(C#C)[C@@]1(CC)CC[C@]1([H])[C@@]3([H])CCC(=O)C=C3CC[C@@]21[H] |r,c:2,22|",L1300-02,b5
122,122,Drospirenone,S1377,"[H][C@@]12C[C@]1([H])[C@@]1([H])[C@]3([H])[C@]4([H])C[C@]4([H])[C@@]4(CCC(=O)O4)[C@@]3(C)CC[C@]1([H])[C@@]1(C)CCC(=O)C=C21 |r,t:37|",L1300-02,c5
123,123,Ruxolitinib (INCB018424),S1378,"N#CC[C@H](C1CCCC1)N1C=C(C=N1)C1=NC=NC2=C1C=CN2 |r,c:11,13,18,20,23,t:16|",L1300-02,d5
127,127,Mianserin hydrochloride,S1382,"Cl.CN1CCN2C(C1)C1=C(CC3=C2C=CC=C3)C=CC=C1 |c:8,11,14,16,19,21|",L1300-02,h5
130,130,Omeprazole (Prilosec),S1389,"COC1=CC=C2NC(=NC2=C1)S(=O)CC1=C(C)C(OC)=C(C)C=N1 |c:7,10,16,24,t:2,4,21|",L1300-02,c6
131,131,Ondansetron hydrochloride (Zofran),S1390,"Cl.CN1C2=CC=CC=C2C2=C1CCC(CN1C=CN=C1C)C2=O |c:4,6,9,17,19,t:2|",L1300-02,d6
132,132,Oxcarbazepine,S1391,"NC(=O)N1C2=C(CC(=O)C3=C1C=CC=C3)C=CC=C2 |c:4,9,12,14,17,19|",L1300-02,e6
136,136,Stavudine,S1398,"CC1=CN(C2OC(CO)C=C2)C(=O)NC1=O |c:9,t:1|",L1300-02,a7
140,140,Trilostane,S1404,"[H][C@]12O[C@]11CC[C@@]3([H])[C@]4([H])CC[C@H](O)[C@@]4(C)CC[C@]3([H])[C@@]1(C)CC(C#N)=C2O |r,c:29|",L1300-02,e7
148,148,Rolipram,S1430,"COC1=C(OC2CCCC2)C=C(C=C1)C1CNC(=O)C1 |c:2,11,13|",L1300-02,e8
152,152,Tizanidine HCl,S1437,"Cl.ClC1=C(NC2=NCCN2)C2=NSN=C2C=C1 |c:1,13,16,t:4,10|",L1300-02,a9
154,154,Tranilast (SB 252218),S1439,"COC1=C(OC)C=C(\C=C\C(=O)NC2=CC=CC=C2C(O)=O)C=C1 |c:2,15,17,23,t:6,13|",L1300-02,c9
155,155,Venlafaxine,S1441,"Cl.COC1=CC=C(C=C1)C(CN(C)C)C1(O)CCCCC1 |c:4,6,t:2|",L1300-02,d9
156,156,Voriconazole,S1442,"C[C@@H](C1=NC=NC=C1F)[C@](O)(CN1C=NC=N1)C1=CC=C(F)C=C1F |r,c:4,6,14,16,24,t:2,19,21|",L1300-02,e9
159,159,Zonisamide,S1445,"NS(=O)(=O)CC1=NOC2=CC=CC=C12 |c:10,t:5,8,12|",L1300-02,h9
167,167,Naratriptan HCl,S1488,"Cl.CNS(=O)(=O)CCC1=CC=C2NC=C(C3CCN(C)CC3)C2=C1 |c:23,t:7,9,12|",L1300-02,h10
182,182,Febuxostat (Uloric),S1547,"CC(C)COC1=C(C=C(C=C1)C1=NC(C)=C(S1)C(O)=O)C#N |c:7,9,15,t:5,12|",L1300-03,g1
184,184,Pimobendan (Vetmedin),S1550,"COC1=CC=C(C=C1)C1=NC2=CC(=CC=C2N1)C1=NNC(=O)CC1C |c:4,6,13,15,t:2,9,11,20|",L1300-03,a2
186,186,Tazarotene (Avage),S1569,"CCOC(=O)C1=CN=C(C=C1)C#CC1=CC2=C(SCCC2(C)C)C=C1 |c:7,9,25,t:5,14,16|",L1300-03,c2
196,196,Pyridostigmine Bromide (Mestinon),S1608,"[Br-].CN(C)C(=O)OC1=C[N+](C)=CC=C1 |c:9,11,t:6|",L1300-03,e3
197,197,"Methimazole (Tapazole, Northyx)",S1609,CN1C=CNC1=S |c:2|,L1300-03,f3
201,201,Riluzole (Rilutek),S1614,"NC1=NC2=C(S1)C=C(OC(F)(F)F)C=C2 |c:3,14,t:1,7|",L1300-03,b4
202,202,Risperidone (Risperdal),S1615,"CC1=C(CCN2CCC(CC2)C2=NOC3=C2C=CC(F)=C3)C(=O)N2CCCCC2=N1 |c:1,15,18,21,32,t:12|",L1300-03,c4
204,204,Prilocaine,S1619,"CCCNC(C)C(=O)NC1=C(C)C=CC=C1 |c:9,12,14|",L1300-03,e4
206,206,Prednisone (Adasone),S1622,"[H][C@@]12CC[C@](O)(C(=O)CO)[C@@]1(C)CC(=O)[C@@]1([H])[C@@]2([H])CCC2=CC(=O)C=C[C@]12C |r,c:27,t:23|",L1300-03,g4
207,207,Acetylcysteine,S1623,[H][C@@](CS)(NC(C)=O)C(O)=O |r|,L1300-03,h4
208,208,Ethinyl Estradiol,S1625,"[H][C@@]12CC[C@@](O)(C#C)[C@@]1(C)CC[C@]1([H])C3=CC=C(O)C=C3CC[C@@]21[H] |r,c:20,t:15,17|",L1300-03,a5
209,209,Naproxen (Aleve),S1626,"[Na+].COC1=CC=C2C=C(C=CC2=C1)[C@H](C)C([O-])=O |r,c:6,8,11,t:2,4|",L1300-03,b5
211,211,Triamcinolone Acetonide,S1628,"[H][C@@]12C[C@H]3OC(C)(C)O[C@@]3(C(=O)CO)[C@@]1(C)C[C@H](O)[C@@]1(F)[C@@]2([H])CCC2=CC(=O)C=C[C@]12C |r,c:32,t:28|",L1300-03,d5
213,213,Allopurinol (Zyloprim),S1630,"O=C1N=CN=C2NNC=C12 |c:2,t:4,8|",L1300-03,f5
217,217,Ibuprofen (Advil),S1638,"CC(C)CC1=CC=C(C=C1)C(C)C(O)=O |c:6,8,t:4|",L1300-03,b6
219,219,Albendazole (Albenza),S1640,"CCCSC1=CC=C2N=C(NC(=O)OC)NC2=C1 |c:17,t:4,6,8|",L1300-03,d6
223,223,Ketoprofen (Actron),S1645,"CC(C(O)=O)C1=CC(=CC=C1)C(=O)C1=CC=CC=C1 |c:7,9,16,18,t:5,14|",L1300-03,h6
224,224,Ketorolac (Toradol),S1646,"OC(=O)C1CCN2C1=CC=C2C(=O)C1=CC=CC=C1 |c:10,17,19,t:8,15|",L1300-03,a7
226,226,Zolmitriptan (Zomig),S1649,"CN(C)CCC1=CNC2=C1C=C(C[C@H]1COC(=O)N1)C=C2 |r,c:8,21,t:5,11|",L1300-03,c7
228,228,Monobenzone (Benoquin),S1652,"OC1=CC=C(OCC2=CC=CC=C2)C=C1 |c:9,11,14,t:1,3,7|",L1300-03,e7
230,230,"Phenylbutazone (Butazolidin, Butatron)",S1654,"CCCCC1C(=O)N(N(C1=O)C1=CC=CC=C1)C1=CC=CC=C1 |c:14,16,21,23,t:12,19|",L1300-03,g7
235,235,Estrone,S1665,"[H][C@@]12CCC(=O)[C@@]1(C)CC[C@]1([H])C3=CC=C(O)C=C3CC[C@@]21[H] |r,c:18,t:13,15|",L1300-03,d8
244,244,Flurbiprofen (Ansaid),S1679,"C[C@H](C(O)=O)C1=CC(F)=C(C=C1)C1=CC=CC=C1 |r,c:8,10,15,17,t:5,13|",L1300-03,e9
245,245,Disulfiram (Antabuse),S1680,CCN(CC)C(=S)SSC(=S)N(CC)CC,L1300-03,f9
247,247,Ipratropium bromide,S1683,"[Br-].CC(C)[N+]1(C)C2CCC1C[C@H](C2)OC(=O)C(CO)C1=CC=CC=C1 |r,c:22,24,t:20|",L1300-03,h9
250,250,Betapar (Meprednisone),S1689,"[H][C@@]12C[C@H](C)[C@](O)(C(=O)CO)[C@@]1(C)CC(=O)[C@@]1([H])[C@@]2([H])CCC2=CC(=O)C=C[C@]12C |r,c:28,t:24|",L1300-03,c10
252,252,Praziquantel (Biltricide),S1691,"O=C(C1CCCCC1)N1CC2N(CCC3=CC=CC=C23)C(=O)C1 |c:17,t:15,19|",L1300-03,e10
253,253,"Busulfan (Myleran, Busulfex)",S1692,CS(=O)(=O)OCCCCOS(C)(=O)=O,L1300-03,f10
254,254,Carbamazepine (Carbatrol),S1693,"NC(=O)N1C2=C(C=CC=C2)C=CC2=C1C=CC=C2 |c:6,8,11,13,16,18,t:4|",L1300-03,g10
256,256,Desonide,S1701,"[H][C@@]12C[C@@]3([H])[C@]4([H])CCC5=CC(=O)C=C[C@]5(C)[C@@]4([H])[C@@H](O)C[C@]3(C)[C@@]1(OC(C)(C)O2)C(=O)CO |r,c:13,t:9|",L1300-03,a11
260,260,Progesterone (Prometrium),S1705,"[H][C@@]12CC[C@H](C(C)=O)[C@@]1(C)CC[C@@]1([H])[C@@]2([H])CCC2=CC(=O)CC[C@]12C |r,t:20|",L1300-03,e11
263,263,Estradiol,S1709,"[H][C@@]12CC[C@H](O)[C@@]1(C)CC[C@]1([H])C3=C(CC[C@@]21[H])C=C(O)C=C3 |r,c:13,24,t:21|",L1300-03,h11
272,272,"Indomethacin (Indocid, Indocin)",S1723,"COC1=CC=C2N(C(=O)C3=CC=C(Cl)C=C3)C(C)=C(CC(O)=O)C2=C1 |c:14,25,t:2,4,9,11,18|",L1300-04,a2
273,273,"Terbinafine (Lamisil, Terbinex)",S1725,"CN(C\C=C\C#CC(C)(C)C)CC1=CC=CC2=CC=CC=C12 |c:14,18,t:12,16,20|",L1300-04,b2
274,274,Levonorgestrel (Levonelle),S1727,"[H][C@@]12CC[C@@](O)(C#C)[C@@]1(CC)CC[C@]1([H])[C@@]3([H])CCC(=O)C=C3CC[C@@]21[H] |r,c:22|",L1300-04,c2
277,277,Mitotane (Lysodren),S1732,"ClC(Cl)C(C1=CC=C(Cl)C=C1)C1=C(Cl)C=CC=C1 |c:9,12,15,17,t:4,6|",L1300-04,f2
280,280,"Mesna (Uromitexan, Mesnex)",S1735,[Na+].[O-]S(=O)(=O)CCS,L1300-04,a3
284,284,Thiabendazole,S1739,"N1C2=C(C=CC=C2)N=C1C1=CSC=N1 |c:3,5,8,14,t:1,11|",L1300-04,e3
285,285,Guaifenesin (Guaiphenesin),S1740,"COC1=C(OCC(O)CO)C=CC=C1 |c:2,10,12|",L1300-04,f3
287,287,Nevirapine (Viramune),S1742,"CC1=CC=NC2=C1NC(=O)C1=C(N=CC=C1)N2C1CC1 |c:3,5,13,15,t:1,11|",L1300-04,h3
289,289,Niacin (Nicotinic acid),S1744,"OC(=O)C1=CC=CN=C1 |c:5,7,t:3|",L1300-04,b4
296,296,Suprofen (Profenal),S1761,"CC(C(O)=O)C1=CC=C(C=C1)C(=O)C1=CC=CS1 |c:7,9,16,t:5,14|",L1300-04,a5
297,297,Pyrazinamide (Pyrazinoic acid amide),S1762,"NC(=O)C1=NC=CN=C1 |c:5,7,t:3|",L1300-04,b5
303,303,Chlorprothixene,S1771,"CN(C)CC\C=C1\C2=CC=CC=C2SC2=C1C=C(Cl)C=C2 |c:9,11,15,21,t:7,18|",L1300-04,h5
306,306,Ethionamide,S1777,"CCC1=NC=CC(=C1)C(N)=S |c:4,6,t:2|",L1300-04,c6
319,319,Acetylcholine chloride,S1805,[Cl-].CC(=O)OCC[N+](C)(C)C,L1300-04,h7
320,320,Acipimox,S1806,"CC1=CN=C(C=[N+]1[O-])C(O)=O |c:3,5,t:1|",L1300-04,a8
325,325,Chlorpheniramine Maleate,S1816,"OC(=O)\C=C/C(O)=O.CN(C)CCC(C1=CC=C(Cl)C=C1)C1=NC=CC=C1 |c:18,23,25,t:13,15,21|",L1300-04,f8
327,327,Erdosteine,S1825,OC(=O)CSCC(=O)NC1CCSC1=O,L1300-04,h8
331,331,Oxfendazole,S1830,"COC(=O)NC1=NC2=C(N1)C=C(C=C2)S(=O)C1=CC=CC=C1 |c:7,11,13,20,22,t:5,18|",L1300-04,d9
336,336,Albendazole Oxide (Ricobendazole),S1836,"CCCS(=O)C1=CC2=C(C=C1)N=C(NC(=O)OC)N2 |c:7,9,t:5,12|",L1300-04,a10
337,337,Chloroxine,S1839,"OC1=C(Cl)C=C(Cl)C2=C1N=CC=C2 |c:1,7,10,12,t:4|",L1300-04,b10
338,338,Lomustine (CeeNU),S1840,ClCCN(N=O)C(=O)NC1CCCCC1,L1300-04,c10
343,343,Daidzein,S1849,"OC1=CC=C(C=C1)C1=COC2=CC(O)=CC=C2C1=O |c:3,5,14,16,t:1,8,11|",L1300-04,h10
347,347,Diethylstilbestrol (Stilbestrol),S1859,"CC\C(C1=CC=C(O)C=C1)=C(\CC)C1=CC=C(O)C=C1 |c:8,19,t:3,5,14,16|",L1300-04,d11
349,349,Diphenhydramine HCl (Benadryl),S1866,"Cl.CN(C)CCOC(C1=CC=CC=C1)C1=CC=CC=C1 |c:9,11,16,18,t:7,14|",L1300-04,f11
350,350,Dapoxetine hydrochloride (Priligy),S1869,"Cl.CN(C)[C@@H](CCOC1=C2C=CC=CC2=CC=C1)C1=CC=CC=C1 |r,c:7,9,11,14,16,21,23,t:19|",L1300-04,g11
354,354,Protionamide (Prothionamide),S1881,"CCCC1=NC=CC(=C1)C(N)=S |c:5,7,t:3|",L1300-05,c1
357,357,Felodipine (Plendil),S1885,"CCOC(=O)C1=C(C)NC(C)=C(C1C1=CC=CC(Cl)=C1Cl)C(=O)OC |c:5,10,16,19,t:14|",L1300-05,f1
364,364,Potassium iodide,S1897,[K+].[I-],L1300-05,e2
365,365,Tropisetron,S1898,"Cl.[H][C@]12CC[C@]([H])(CC(C1)OC(=O)C1C=NC3=CC=CC=C13)N2C |r,c:14,18,t:16,20|",L1300-05,f2
366,366,Nicotinamide (Niacinamide),S1899,"NC(=O)C1=CC=CN=C1 |c:5,7,t:3|",L1300-05,g2
368,368,Diclofenac,S1903,"[Na+].[O-]C(=O)CC1=C(NC2=C(Cl)C=CC=C2Cl)C=CC=C1 |c:4,7,10,12,16,18|",L1300-05,a3
369,369,Avobenzone (Parsol 1789),S1904,"COC1=CC=C(C=C1)C(=O)CC(=O)C1=CC=C(C=C1)C(C)(C)C |c:4,6,16,18,t:2,14|",L1300-05,b3
371,371,Metronidazole (Flagyl),S1907,"CC1=NC=C(N1CCO)[N+]([O-])=O |c:3,t:1|",L1300-05,d3
372,372,Flutamide (Eulexin),S1908,"CC(C)C(=O)NC1=CC(=C(C=C1)[N+]([O-])=O)C(F)(F)F |c:8,10,t:6|",L1300-05,e3
374,374,Tioconazole,S1910,"ClC1=C(COC(CN2C=CN=C2)C2=CC=C(Cl)C=C2Cl)C=CS1 |c:1,8,10,18,22,t:13,15|",L1300-05,g3
375,375,Tropicamide,S1913,"CCN(CC1=CC=NC=C1)C(=O)C(CO)C1=CC=CC=C1 |c:6,8,18,20,t:4,16|",L1300-05,h3
376,376,Pregnenolone,S1914,"[H][C@@]12CC[C@H](C(C)=O)[C@@]1(C)CC[C@@]1([H])[C@@]2([H])CC=C2C[C@@H](O)CC[C@]12C |r,t:19|",L1300-05,a4
380,380,Haloperidol (Haldol),S1920,"OC1(CCN(CCCC(=O)C2=CC=C(F)C=C2)CC1)C1=CC=C(Cl)C=C1 |c:15,26,t:10,12,21,23|",L1300-05,e4
381,381,Phenindione (Rectadione),S1921,"O=C1C(C(=O)C2=CC=CC=C12)C1=CC=CC=C1 |c:7,15,17,t:5,9,13|",L1300-05,f4
389,389,Menadione,S1949,"CC1=CC(=O)C2=CC=CC=C2C1=O |c:7,9,t:1,5|",L1300-05,f5
390,390,Methoxsalen (Oxsoralen),S1952,"COC1=C2OC=CC2=CC2=C1OC(=O)C=C2 |c:2,5,8,10,16|",L1300-05,g5
393,393,Sulbactam,S1958,[H][C@@]12CC(=O)N1[C@@]([H])(C(O)=O)C(C)(C)S2(=O)=O |r|,L1300-05,b6
394,394,Tolfenamic acid,S1959,"CC1=C(Cl)C=CC=C1NC1=C(C=CC=C1)C(O)=O |c:1,4,6,12,14,t:10|",L1300-05,c6
395,395,Pranoprofen,S1960,"CC(C(O)=O)C1=CC2=C(OC3=NC=CC=C3C2)C=C1 |c:12,14,19,t:5,7,10|",L1300-05,d6
397,397,Rimantadine (Flumadine),S1964,CC(N)C12CC3CC(CC(C3)C1)C2,L1300-05,f6
398,398,Primidone (Mysoline),S1965,"CCC1(C(=O)NCNC1=O)C1=CC=CC=C1 |c:13,15,t:11|",L1300-05,g6
399,399,Nefiracetam (Translon),S1969,"CC1=CC=CC(C)=C1NC(=O)CN1CCCC1=O |c:3,6,t:1|",L1300-05,h6
404,404,Methscopolamine (Pamine),S1978,"[Br-].[H][C@]12O[C@@]1([H])[C@]1([H])C[C@@H](C[C@@]2([H])[N+]1(C)C)OC(=O)[C@H](CO)C1=CC=CC=C1 |r,c:26,28,t:24|",L1300-05,e7
408,408,Propylthiouracil,S1988,CCCC1=CC(=O)NC(=S)N1 |t:3|,L1300-05,a8
415,415,Sulindac (Clinoril),S2007,"CC1=C(CC(O)=O)C2=C(C=CC(F)=C2)C\1=C/C1=CC=C(C=C1)S(C)=O |c:1,9,12,20,22,t:7,18|",L1300-05,h8
418,418,"Mirtazapine (Remeron, Avanza)",S2016,"CN1CCN2C(C1)C1=C(CC3=C2N=CC=C3)C=CC=C1 |c:8,11,14,16,19,21|",L1300-05,c9
421,421,Chlormezanone (Trancopal),S2021,"CN1C(C2=CC=C(Cl)C=C2)S(=O)(=O)CCC1=O |c:8,t:3,5|",L1300-05,f9
422,422,Ketotifen fumarate (Zaditor),S2024,"OC(=O)\C=C\C(O)=O.CN1CCC(CC1)=C1C2=C(SC=C2)C(=O)CC2=C1C=CC=C2 |c:19,25,28,30,t:16|",L1300-05,g9
430,430,Epalrestat,S2035,"CC(\C=C1/SC(=S)N(CC(O)=O)C1=O)=C/C1=CC=CC=C1 |c:18,20,t:16|",L1300-05,g10
435,435,Dyclonine HCl,S2041,"Cl.CCCCOC1=CC=C(C=C1)C(=O)CCN1CCCCC1 |c:7,9,t:5|",L1300-05,d11
436,436,Memantine HCl (Namenda),S2043,Cl.CC12CC3CC(C)(C1)CC(N)(C3)C2,L1300-05,e11
437,437,Cyproheptadine HCl (Periactin),S2044,"Cl.CN1CCC(CC1)=C1C2=C(C=CC=C2)C=CC2=C1C=CC=C2 |c:11,13,16,18,21,23,t:9|",L1300-05,f11
439,439,Pioglitazone hydrochloride (Actos),S2046,"Cl.CCC1=CC=C(CCOC2=CC=C(CC3SC(=O)NC3=O)C=C2)N=C1 |c:22,25,t:2,4,9,11|",L1300-05,h11
441,441,Captopril (Capoten),S2051,C[C@H](CS)C(=O)N1CCC[C@H]1C(O)=O |r|,L1300-06,b1
445,445,Gimeracil,S2055,"OC1=CC(=O)NC=C1Cl |c:6,t:1|",L1300-06,f1
447,447,Tolnaftate,S2058,"CN(C(=S)OC1=CC=C2C=CC=CC2=C1)C1=CC(C)=CC=C1 |c:9,11,14,20,22,t:5,7,17|",L1300-06,h1
449,449,Bromhexine HCl,S2060,"Cl.CN(CC1=CC(Br)=CC(Br)=C1N)C1CCCCC1 |c:6,9,t:3|",L1300-06,b2
451,451,Tiopronin (Thiola),S2062,CC(S)C(=O)NCC(O)=O,L1300-06,d2
454,454,Moxonidine,S2066,"COC1=NC(C)=NC(Cl)=C1NC1=NCCN1 |c:5,8,t:2,12|",L1300-06,g2
455,455,Ozagrel HCl,S2067,"Cl.OC(=O)\C=C\C1=CC=C(CN2C=CN=C2)C=C1 |c:11,13,16,t:5,7|",L1300-06,h2
457,457,Mecarbinate,S2074,"CCOC(=O)C1=C(C)N(C)C2=CC=C(O)C=C12 |c:5,t:10,12,15|",L1300-06,b3
458,458,Rosiglitazone HCl,S2075,"Cl.CN(CCOC1=CC=C(CC2SC(=O)NC2=O)C=C1)C1=CC=CC=N1 |c:18,23,25,t:5,7,21|",L1300-06,c3
464,464,Duloxetine HCl (Cymbalta),S2084,"Cl.CNCC[C@H](OC1=C2C=CC=CC2=CC=C1)C1=CC=CS1 |r,c:6,8,10,13,15,20,t:18|",L1300-06,a4
468,468,Dexmedetomidine HCl (Precedex),S2090,"Cl.C[C@H](C1=CN=CN1)C1=CC=CC(C)=C1C |r,c:4,10,13,t:2,8|",L1300-06,e4
470,470,Detomidine HCl,S2092,"Cl.CC1=C(C)C(CC2=CNC=N2)=CC=C1 |c:1,9,11,13,t:6|",L1300-06,g4
476,476,Rasagiline mesylate,S2102,"CS(O)(=O)=O.C#CCN[C@@H]1CCC2=CC=CC=C12 |r,c:13,t:11,15|",L1300-06,e5
477,477,Naltrexone HCl,S2103,"Cl.OC1=CC=C2C[C@H]3N(CC4CC4)CC[C@@]45[C@@H](OC1=C24)C(=O)CC[C@@]35O |r,c:19,t:1,3|",L1300-06,f5
488,488,Licofelone,S2121,"CC1(C)CN2C(CC(O)=O)=C(C(=C2C1)C1=CC=CC=C1)C1=CC=C(Cl)C=C1 |c:9,11,18,20,28,t:16,23,25|",L1300-06,a7
491,491,Mestranol,S2125,"[H][C@@]12CC[C@@](O)(C#C)[C@@]1(C)CC[C@]1([H])C3=C(CC[C@@]21[H])C=C(OC)C=C3 |r,c:15,27,t:23|",L1300-06,d7
492,492,Naftopidil (Flivas),S2126,"COC1=CC=CC=C1N1CCN(CC(O)COC2=C3C=CC=CC3=CC=C2)CC1 |c:4,6,18,20,22,25,27,t:2|",L1300-06,e7
493,493,S-(+)-Rolipram,S2127,"COC1=C(OC2CCCC2)C=C(C=C1)[C@H]1CNC(=O)C1 |r,c:2,11,13|",L1300-06,f7
496,496,Roflumilast (Daxas),S2131,"FC(F)OC1=CC=C(C=C1OCC1CC1)C(=O)NC1=C(Cl)C=NC=C1Cl |c:6,8,20,23,25,t:4|",L1300-06,a8
503,503,DAPT (GSI-IX),S2215,"C[C@H](NC(=O)CC1=CC(F)=CC(F)=C1)C(=O)N[C@H](C(=O)OC(C)(C)C)C1=CC=CC=C1 |r,c:9,12,28,30,t:6,26|",L1300-06,h8
508,508,Esomeprazole sodium (Nexium),S2233,"[Na+].COC1=CC=C2[N-]C(=NC2=C1)S(=O)CC1=NC=C(C)C(OC)=C1C |c:7,10,23,t:2,4,16,18|",L1300-06,e9
510,510,Artemether (SM-224),S2264,[H][C@@]12CC[C@@H](C)[C@]3([H])CC[C@]4(C)OO[C@@]13[C@]([H])(O[C@H](OC)[C@@H]2C)O4 |r|,L1300-06,g9
511,511,DL-Carnitine hydrochloride,S2293,[Cl-].C[N+](C)(C)CC(O)CC(O)=O,L1300-06,h9
512,512,Nalidixic acid (NegGram),S2328,"CCN1C=C(C(O)=O)C(=O)C2=C1N=C(C)C=C2 |c:10,16,t:3,13|",L1300-06,a10
520,520,Genipin,S2412,"[H][C@]12CC=C(CO)[C@@]1([H])[C@H](O)OC=C2C(=O)OC |r,c:13,t:3|",L1300-06,a11
522,522,Tolbutamide,S2443,"CCCCNC(=O)NS(=O)(=O)C1=CC=C(C)C=C1 |c:16,t:11,13|",L1300-06,c11
524,524,Amantadine hydrochloride (Symmetrel),S2451,Cl.NC12CC3CC(CC(C3)C1)C2,L1300-06,e11
525,525,Amfebutamone (Bupropion),S2452,"Cl.CC(NC(C)(C)C)C(=O)C1=CC=CC(Cl)=C1 |c:11,14,t:9|",L1300-06,f11
527,527,Bupivacaine hydrochloride (Marcain),S2454,"Cl.CCCCN1CCCCC1C(=O)NC1=C(C)C=CC=C1C |c:14,17,19|",L1300-06,h11
528,528,Bethanechol chloride,S2455,[Cl-].CC(C[N+](C)(C)C)OC(N)=O,L1300-07,a1
529,529,Chlorpromazine (Sonazine),S2456,"Cl.CN(C)CCCN1C2=C(SC3=C1C=C(Cl)C=C3)C=CC=C2 |c:7,10,16,19,21,t:13|",L1300-07,b1
531,531,Clonidine hydrochloride (Catapres),S2458,"Cl.ClC1=CC=CC(Cl)=C1NC1=NCCN1 |c:3,6,t:1,10|",L1300-07,d1
532,532,Clozapine (Clozaril),S2459,"CN1CCN(CC1)C1=NC2=C(NC3=C1C=CC=C3)C=CC(Cl)=C2 |c:10,13,16,18,21,24,t:8|",L1300-07,e1
537,537,Fenbendazole ,S2468,"COC(=O)NC1=NC2=C(N1)C=C(SC1=CC=CC=C1)C=C2 |c:7,16,18,21,t:5,11,14|",L1300-07,b2
545,545,Milrinone (Primacor),S2484,"CC1=C(C=C(C#N)C(=O)N1)C1=CC=NC=C1 |c:13,15,t:1,3,11|",L1300-07,b3
549,549,Nateglinide (Starlix),S2489,"CC(C)[C@H]1CC[C@@H](CC1)C(=O)N[C@H](CC1=CC=CC=C1)C(O)=O |r,c:17,19,t:15|",L1300-07,f3
552,552,Olanzapine (Zyprexa),S2493,"CN1CCN(CC1)C1=NC2=C(NC3=C1C=C(C)S3)C=CC=C2 |c:10,13,21,23,t:8,16|",L1300-07,a4
553,553,Olopatadine hydrochloride (Opatanol),S2494,"Cl.CN(C)CC\C=C1\C2=C(COC3=C1C=C(CC(O)=O)C=C3)C=CC=C2 |c:7,11,20,23,25,t:14|",L1300-07,b4
554,554,Oxymetazoline hydrochloride,S2495,"Cl.CC1=CC(=C(O)C(C)=C1CC1=NCCN1)C(C)(C)C |c:7,t:1,3,11|",L1300-07,c4
555,555,Ozagrel,S2496,"OC(=O)\C=C\C1=CC=C(CN2C=CN=C2)C=C1 |c:11,13,16,t:5,7|",L1300-07,d4
557,557,Phenoxybenzamine HCl,S2499,"Cl.CC(COC1=CC=CC=C1)N(CCCl)CC1=CC=CC=C1 |c:6,8,18,20,t:4,16|",L1300-07,f4
564,564,Scopolamine hydrobromide,S2508,"Br.[H][C@]12O[C@@]1([H])[C@]1([H])C[C@@H](C[C@@]2([H])N1C)OC(=O)[C@H](CO)C1=CC=CC=C1 |r,c:25,27,t:23|",L1300-07,e5
569,569,Xylazine HCl,S2516,"Cl.CC1=CC=CC(C)=C1NC1=NCCCS1 |c:3,6,t:1,10|",L1300-07,b6
570,570,Maprotiline hydrochloride,S2517,"Cl.CNCCCC12CCC(C3=CC=CC=C13)C1=C2C=CC=C1 |c:11,17,20,22,t:9,13|",L1300-07,c6
571,571,Naphazoline hydrochloride (Naphcon),S2519,"Cl.C(C1=NCCN1)C1=C2C=CC=CC2=CC=C1 |c:7,9,11,14,16,t:1|",L1300-07,d6
574,574,Phenytoin sodium (Dilantin),S2524,"[Na+].[O-]C1=NC(=O)C(N1)(C1=CC=CC=C1)C1=CC=CC=C1 |c:10,12,17,19,t:1,8,15|",L1300-07,g6
575,575,Phenytoin (Lepitoin),S2525,"O=C1NC(=O)C(N1)(C1=CC=CC=C1)C1=CC=CC=C1 |c:10,12,17,19,t:8,15|",L1300-07,h6
577,577,Ciclopirox (Penlac),S2528,"CC1=CC(=O)N(O)C(=C1)C1CCCCC1 |c:7,t:1|",L1300-07,b7
583,583,Secnidazole (Flagentyl),S2537,"CC(O)CN1C(C)=NC=C1[N+]([O-])=O |c:6,8|",L1300-07,h7
584,584,Acetanilide (Antifebrin),S2538,"CC(=O)NC1=CC=CC=C1 |c:6,8,t:4|",L1300-07,a8
585,585,Clomipramine HCl ,S2541,"Cl.CN(C)CCCN1C2=C(CCC3=C1C=C(Cl)C=C3)C=CC=C2 |c:7,11,17,20,22,t:14|",L1300-07,b8
588,588,Scopine,S2545,[H][C@]12O[C@@]1([H])[C@]1([H])C[C@H](O)C[C@@]2([H])N1C |r|,L1300-07,e8
590,590,Trospium chloride (Sanctura),S2549,"[Cl-].[H][C@]12CC[C@]([H])(C[C@@H](C1)OC(=O)C(O)(C1=CC=CC=C1)C1=CC=CC=C1)[N+]21CCCC1 |r,c:17,19,24,26,t:15,22|",L1300-07,g8
592,592,Sulbactam sodium (Unasyn),S2551,[Na+].[H][C@@]12CC(=O)N1[C@@]([H])(C([O-])=O)C(C)(C)S2(=O)=O |r|,L1300-07,a9
593,593,Azelastine hydrochloride (Astelin),S2552,"Cl.CN1CCCC(CC1)N1N=C(CC2=CC=C(Cl)C=C2)C2=CC=CC=C2C1=O |c:18,23,25,t:10,13,15,21|",L1300-07,b9
596,596,Rosiglitazone (Avandia),S2556,"CN(CCOC1=CC=C(CC2SC(=O)NC2=O)C=C1)C1=CC=CC=N1 |c:18,23,25,t:5,7,21|",L1300-07,e9
597,597,Terbinafine hydrochloride (Lamisil),S2557,"Cl.CN(C\C=C\C#CC(C)(C)C)CC1=CC=CC2=C1C=CC=C2 |c:14,16,19,21,t:12|",L1300-07,f9
598,598,Cortisone acetate (Cortone),S2559,"[H][C@@]12CC[C@](O)(C(=O)COC(C)=O)[C@@]1(C)CC(=O)[C@@]1([H])[C@@]2([H])CCC2=CC(=O)CC[C@]12C |r,t:26|",L1300-07,g9
604,604,Medroxyprogesterone acetate,S2567,"[H][C@@]12CC[C@](OC(C)=O)(C(C)=O)[C@@]1(C)CC[C@@]1([H])[C@@]2([H])C[C@H](C)C2=CC(=O)CC[C@]12C |r,t:25|",L1300-07,e10
606,606,Prednisolone acetate (Omnipred),S2570,"[H][C@@]12CC[C@](O)(C(=O)COC(C)=O)[C@@]1(C)C[C@H](O)[C@@]1([H])[C@@]2([H])CCC2=CC(=O)C=C[C@]12C |r,c:30,t:26|",L1300-07,g10
609,609,Xylometazoline HCl,S2576,"Cl.CC1=CC(=CC(C)=C1CC1=NCCN1)C(C)(C)C |c:3,6,t:1,10|",L1300-07,b11
610,610,Phenacetin,S2577,"CCOC1=CC=C(NC(C)=O)C=C1 |c:11,t:3,5|",L1300-07,c11
615,615,Brompheniramine,S2585,"OC(=O)\C=C/C(O)=O.CN(C)CCC(C1=CC=C(Br)C=C1)C1=CC=CC=N1 |c:18,23,25,t:13,15,21|",L1300-07,h11
616,616,Dimethyl Fumarate,S2586,COC(=O)\C=C\C(=O)OC,L1300-08,a1
618,618,Pioglitazone (Actos),S2590,"CCC1=CC=C(CCOC2=CC=C(CC3SC(=O)NC3=O)C=C2)N=C1 |c:22,25,t:2,4,9,11|",L1300-08,c1
623,623,Gliclazide (Diamicron),S2601,"CC1=CC=C(C=C1)S(=O)(=O)NC(=O)NN1CC2CCCC2C1 |c:3,5,t:1|",L1300-08,h1
625,625,Tioxolone,S2603,"OC1=CC=C2SC(=O)OC2=C1 |c:10,t:1,3|",L1300-08,b2
626,626,Dehydroepiandrosterone (DHEA),S2604,"[H][C@@]12CCC(=O)[C@@]1(C)CC[C@@]1([H])[C@@]2([H])CC=C2C[C@@H](O)CC[C@]12C |r,t:17|",L1300-08,c2
628,628,Mifepristone (Mifeprex),S2606,"[H][C@@]12CC[C@@](O)(C#CC)[C@@]1(C)C[C@H](C1=CC=C(C=C1)N(C)C)C1=C3CCC(=O)C=C3CC[C@@]21[H] |r,c:16,18,24,30,t:14|",L1300-08,e2
631,631,Lonidamine,S2610,"OC(=O)C1=NN(CC2=C(Cl)C=C(Cl)C=C2)C2=CC=CC=C12 |c:7,13,18,t:3,10,16,20|",L1300-08,h2
633,633,Arecoline,S2614,Br.COC(=O)C1=CCCN(C)C1 |t:4|,L1300-08,b3
643,643,Paroxetine HCl,S3005,"Cl.FC1=CC=C(C=C1)[C@@H]1CCNC[C@H]1COC1=CC2=C(OCO2)C=C1 |r,c:3,5,25,t:1,17,19|",L1300-08,d4
645,645,Zaltoprofen,S3008,"CC(C(O)=O)C1=CC2=C(SC3=CC=CC=C3C(=O)C2)C=C1 |c:12,14,21,t:5,7,10|",L1300-08,f4
648,648,Aspirin (Acetylsalicylic acid),S3017,"CC(=O)OC1=C(C=CC=C1)C(O)=O |c:6,8,t:4|",L1300-08,a5
649,649,Niflumic acid,S3018,"OC(=O)C1=CC=CN=C1NC1=CC=CC(=C1)C(F)(F)F |c:5,7,13,15,t:3,11|",L1300-08,b5
653,653,Bufexamac,S3023,"CCCCOC1=CC=C(CC(=O)NO)C=C1 |c:14,t:5,7|",L1300-08,f5
655,655,PMSF (Phenylmethylsulfonyl Fluoride),S3025,"FS(=O)(=O)CC1=CC=CC=C1 |c:7,9,t:5|",L1300-08,h5
658,658,Bindarit,S3032,"CC(C)(OCC1=NN(CC2=CC=CC=C2)C2=C1C=CC=C2)C(O)=O |c:11,13,16,19,21,t:5,9|",L1300-08,c6
659,659,Vildagliptin (LAF-237),S3033,OC12CC3CC(C1)CC(C3)(C2)NCC(=O)N1CCC[C@H]1C#N |r|,L1300-08,d6
664,664,Rofecoxib (Vioxx),S3043,"CS(=O)(=O)C1=CC=C(C=C1)C1=C(C(=O)OC1)C1=CC=CC=C1 |c:6,8,20,22,t:4,11,18|",L1300-08,a7
672,672,Medetomidine HCl,S3060,"Cl.CC(C1=CNC=N1)C1=C(C)C(C)=CC=C1 |c:5,8,12,14,t:2|",L1300-08,a8
673,673,Diclofenac Potassium,S3062,"[K+].[O-]C(=O)CC1=CC=CC=C1NC1=C(Cl)C=CC=C1Cl |c:6,8,12,15,17,t:4|",L1300-08,b8
675,675,Naloxone HCl,S3066,"Cl.[H][C@@]12OC3=C(O)C=CC4=C3[C@@]11CCN(CC=C)[C@H](C4)[C@]1(O)CCC2=O |r,c:3,6,8|",L1300-08,d8
677,677,Dexmedetomidine,S3075,"C[C@H](C1=CN=CN1)C1=CC=CC(C)=C1C |r,c:4,10,13,t:2,8|",L1300-08,f8
679,679,Atovaquone (Atavaquone),S3079,"OC1=C([C@H]2CC[C@@H](CC2)C2=CC=C(Cl)C=C2)C(=O)C2=C(C=CC=C2)C1=O |r,c:1,15,22,24,t:10,12,20|",L1300-08,h8
681,681,Ulipristal,S3081,"[H][C@@]12CC[C@](O)(C(C)=O)[C@@]1(C)C[C@H](C1=CC=C(C=C1)N(C)C)C1=C3CCC(=O)C=C3CC[C@@]21[H] |r,c:16,18,24,30,t:14|",L1300-08,b9
683,683,2-Thiouracil,S3100,O=C1NC(=S)NC=C1 |c:6|,L1300-08,d9
684,684,Moguisteine,S3104,"CCOC(=O)CC(=O)N1CCSC1COC1=CC=CC=C1OC |c:18,20,t:16|",L1300-08,e9
685,685,Nadifloxacin,S3105,"CC1CCC2=C3N1C=C(C(O)=O)C(=O)C3=CC(F)=C2N1CCC(O)CC1 |c:4,16,19,t:8|",L1300-08,f9
686,686,Pidotimod,S3106,OC(=O)[C@@H]1CSCN1C(=O)[C@@H]1CCC(=O)N1 |r|,L1300-08,g9
691,691,Ornidazole,S3121,"CC1=NC=C(N1CC(O)CCl)[N+]([O-])=O |c:3,t:1|",L1300-08,d10
692,692,Dexamethasone acetate,S3124,"[H][C@@]12C[C@@H](C)[C@](O)(C(=O)COC(C)=O)[C@@]1(C)C[C@H](O)[C@@]1(F)[C@@]2([H])CCC2=CC(=O)C=C[C@]12C |r,c:31,t:27|",L1300-08,e10
697,697,Sodium salicylate,S3137,"[Na].OC(=O)C1=CC=CC=C1O |c:5,7,t:3|",L1300-08,b11
698,698,Methylthiouracil,S3138,CC1=CC(=O)NC(=S)N1 |t:1|,L1300-08,c11
699,699,Methenamine (Mandelamine),S3139,C1N2CN3CN1CN(C2)C3,L1300-08,d11
700,700,Milnacipran HCl,S3140,"Cl.CCN(CC)C(=O)[C@@]1(C[C@@H]1CN)C1=CC=CC=C1 |r,c:15,17,t:13|",L1300-08,e11
702,702,Tripelennamine HCl,S3146,"Cl.CN(C)CCN(CC1=CC=CC=C1)C1=NC=CC=C1 |c:9,11,16,18,t:7,14|",L1300-08,g11
704,704,Estradiol valerate,S3149,"[H][C@@]12CC[C@H](OC(=O)CCCC)[C@@]1(C)CC[C@]1([H])C3=CC=C(O)C=C3CC[C@@]21[H] |r,c:24,t:19,21|",L1300-09,a1
708,708,Mepivacaine HCl,S3155,"Cl.CN1CCCCC1C(=O)NC1=C(C)C=CC=C1C |c:11,14,16|",L1300-09,e1
709,709,Ethynodiol diacetate,S3160,"[H][C@@]12CC[C@@](OC(C)=O)(C#C)[C@@]1(C)CC[C@]1([H])[C@@]3([H])CC[C@H](OC(C)=O)C=C3CC[C@@]21[H] |r,c:27|",L1300-09,f1
712,712,Benztropine mesylate,S3163,"CS(O)(=O)=O.CN1[C@H]2CC[C@@H]1C[C@@H](C2)OC(C1=CC=CC=C1)C1=CC=CC=C1 |r,c:19,21,26,28,t:17,24|",L1300-09,a2
713,713,Altrenogest,S3167,"[H][C@@]12CC[C@@](O)(CC=C)[C@@]1(C)C=CC1=C3CCC(=O)C=C3CC[C@@]21[H] |r,c:12,14,20|",L1300-09,b2
715,715,Anagrelide HCl,S3172,"Cl.ClC1=CC=C2NC3=NC(=O)CN3CC2=C1Cl |c:15,t:1,3,6|",L1300-09,d2
716,716,Antipyrine,S3173,"CN1N(C(=O)C=C1C)C1=CC=CC=C1 |c:5,11,13,t:9|",L1300-09,e2
717,717,Atomoxetine HCl,S3175,"Cl.CNCC[C@@H](OC1=CC=CC=C1C)C1=CC=CC=C1 |r,c:8,10,16,18,t:6,14|",L1300-09,f2
718,718,Betahistine 2HCl,S3176,"Cl.Cl.CNCCC1=NC=CC=C1 |c:6,8,t:4|",L1300-09,g2
721,721,Flumequine,S3181,"CC1CCC2=C3N1C=C(C(O)=O)C(=O)C3=CC(F)=C2 |c:4,16,19,t:8|",L1300-09,b3
722,722,Amitriptyline HCl,S3183,"Cl.CN(C)CCC=C1C2=CC=CC=C2CCC2=CC=CC=C12 |c:9,11,18,t:7,16,20|",L1300-09,c3
726,726,Ropinirole HCl,S3189,"Cl.CCCN(CCC)CCC1=CC=CC2=C1CC(=O)N2 |c:11,13,t:9|",L1300-09,g3
728,728,Azacyclonol,S3196,"OC(C1CCNCC1)(C1=CC=CC=C1)C1=CC=CC=C1 |c:11,13,18,20,t:9,16|",L1300-09,a4
730,730,Triflusal,S3200,"CC(=O)OC1=CC(=CC=C1C(O)=O)C(F)(F)F |c:6,8,t:4|",L1300-09,c4
732,732,Catharanthine,S3202,"[H][C@@]12C[N@]3CCC4=C(NC5=CC=CC=C45)[C@](C1)(C(=O)OC)[C@@]3([H])C(CC)=C2 |r,c:11,29,t:6,9,13|",L1300-09,e4
733,733,Meptazinol HCl,S3204,"Cl.CCC1(CCCCN(C)C1)C1=CC(O)=CC=C1 |c:14,16,t:11|",L1300-09,f4
735,735,Amidopyrine,S3209,"CN(C)C1=C(C)N(C)N(C1=O)C1=CC=CC=C1 |c:3,14,16,t:12|",L1300-09,h4
736,736,Moclobemide,S3212,"ClC1=CC=C(C=C1)C(=O)NCCN1CCOCC1 |c:3,5,t:1|",L1300-09,a5
737,737,Pergolide mesylate,S4000,"CS(O)(=O)=O.[H][C@@]12CC3=CNC4=C3C(=CC=C4)[C@@]1([H])C[C@@H](CSC)CN2CCC |r,c:10,13,15,t:7|",L1300-09,b5
738,738,Lithocholic acid,S4003,[H][C@@]12CC[C@H]([C@H](C)CCC(O)=O)[C@@]1(C)CC[C@@]1([H])[C@@]2([H])CC[C@]2([H])C[C@H](O)CC[C@]12C |r|,L1300-09,c5
744,744,Desloratadine,S4012,"ClC1=CC2=C(C=C1)C(=C1CCNCC1)C1=C(CC2)C=CC=N1 |c:3,5,16,21,23,t:1|",L1300-09,a6
745,745,Hyoscyamine (Daturine),S4014,"CN1C2CCC1C[C@H](C2)OC(=O)[C@H](CO)C1=CC=CC=C1 |r,c:19,21,t:17|",L1300-09,b6
746,746,Cyclamic  acid,S4015,OS(=O)(=O)NC1CCCCC1,L1300-09,c6
751,751,Tolcapone,S4021,"CC1=CC=C(C=C1)C(=O)C1=CC(O)=C(O)C(=C1)[N+]([O-])=O |c:3,5,16,t:1,10,13|",L1300-09,h6
752,752,Probenecid (Benemid),S4022,"CCCN(CCC)S(=O)(=O)C1=CC=C(C=C1)C(O)=O |c:12,14,t:10|",L1300-09,a7
753,753, Procaine (Novocaine) HCl,S4023,"Cl.CCN(CC)CCOC(=O)C1=CC=C(N)C=C1 |c:15,t:10,12|",L1300-09,b7
754,754,Homatropine Methylbromide,S4024,"[Br-].[H][C@]12CC[C@]([H])(C[C@@H](C1)OC(=O)C(O)C1=CC=CC=C1)[N+]2(C)C |r,c:17,19,t:15|",L1300-09,c7
755,755,Homatropine Bromide,S4025,"Br.[H][C@]12CC[C@]([H])(C[C@@H](C1)OC(=O)C(O)C1=CC=CC=C1)N2C |r,c:17,19,t:15|",L1300-09,d7
757,757,Flavoxate HCl,S4027,"Cl.CC1=C(OC2=C(C=CC=C2C(=O)OCCN2CCCCC2)C1=O)C1=CC=CC=C1 |c:6,8,28,30,t:1,4,26|",L1300-09,f7
759,759,Diphemanil methylsulfate,S4034,"COS([O-])(=O)=O.C[N+]1(C)CCC(CC1)=C(C1=CC=CC=C1)C1=CC=CC=C1 |c:17,19,24,26,t:15,22|",L1300-09,h7
761,761,Doxapram HCl,S4037,"O.Cl.CCN1CC(CCN2CCOCC2)C(C1=O)(C1=CC=CC=C1)C1=CC=CC=C1 |c:20,22,27,29,t:18,25|",L1300-09,b8
764,764,norethindrone,S4040,"[H][C@@]12CC[C@@](O)(C#C)[C@@]1(C)CC[C@]1([H])[C@@]3([H])CCC(=O)C=C3CC[C@@]21[H] |r,c:21|",L1300-09,e8
767,767,tetrahydrozoline hydrochloride,S4043,"Cl.C1CN=C(N1)C1CCCC2=CC=CC=C12 |c:2,12,t:10,14|",L1300-09,h8
769,769,Pheniramine Maleate,S4045,"OC(=O)\C=C/C(O)=O.CN(C)CCC(C1=CC=CC=C1)C1=NC=CC=C1 |c:15,17,22,24,t:13,20|",L1300-09,b9
772,772,Carbimazole,S4048,CCOC(=O)N1C=CN(C)C1=S |c:6|,L1300-09,e9
773,773,Bextra (valdecoxib),S4049,"CC1=C(C(=NO1)C1=CC=CC=C1)C1=CC=C(C=C1)S(N)(=O)=O |c:3,9,11,16,18,t:1,7,14|",L1300-09,f9
775,775,Nabumetone,S4051,"COC1=CC=C2C=C(CCC(C)=O)C=CC2=C1 |c:13,16,t:2,4,6|",L1300-09,h9
776,776,Sertraline HCl,S4053,"Cl.CN[C@H]1CC[C@@H](C2=CC=C(Cl)C(Cl)=C2)C2=C1C=CC=C2 |r,c:12,15,18,20,t:6,8|",L1300-09,a10
777,777,Spironolactone,S4054,"[H][C@@]12CC[C@@]3(CCC(=O)O3)[C@@]1(C)CC[C@@]1([H])[C@@]2([H])[C@@H](CC2=CC(=O)CC[C@]12C)SC(C)=O |r,t:23|",L1300-09,b10
780,780,Ropivacaine HCl,S4058,"Cl.CCCN1CCCC[C@H]1C(=O)NC1=C(C)C=CC=C1C |r,c:13,16,18|",L1300-09,e10
792,792,Pyrithione zinc,S4075,"O1N2C=CC=CC2=[S][Zn]11ON2C=CC=CC2=[S]1 |c:2,4,7,13,15,18|",L1300-10,a1
793,793,Propranolol HCl,S4076,"Cl.CC(C)NCC(O)COC1=CC=CC2=CC=CC=C12 |c:11,15,t:9,13,17|",L1300-10,b1
794,794,Mequinol,S4077,"COC1=CC=C(O)C=C1 |c:7,t:2,4|",L1300-10,c1
795,795,Mefenamic acid,S4078,"CC1=C(C)C(NC2=CC=CC=C2C(O)=O)=CC=C1 |c:1,8,10,15,17,t:6|",L1300-10,d1
798,798,sulfacetamide sodium,S4081,"[Na+].CC(=O)[N-]S(=O)(=O)C1=CC=C(N)C=C1 |c:12,t:7,9|",L1300-10,g1
805,805,Fenspiride HCl,S4090,"Cl.O=C1NCC2(CCN(CCC3=CC=CC=C3)CC2)O1 |c:12,14,t:10|",L1300-10,f2
808,808,Droperidol,S4096,"FC1=CC=C(C=C1)C(=O)CCCN1CCC(=CC1)N1C(=O)NC2=C1C=CC=C2 |c:3,5,16,24,27,29,t:1|",L1300-10,a3
809,809,Dydrogesterone,S4097,"[H][C@@]1(CC[C@@]2([H])[C@]3([H])C=CC4=CC(=O)CC[C@@]4(C)[C@]3([H])CC[C@]12C)C(C)=O |r,c:8,t:10|",L1300-10,b3
810,810,Dexlansoprazole,S4099,"CC1=C(C[S@@](=O)C2=NC3=C(N2)C=CC=C3)N=CC=C1OCC(F)(F)F |r,c:1,8,12,14,17,19,t:6|",L1300-10,c3
820,820,Isovaleramide,S4116,CC(C)CC(N)=O,L1300-10,e4
823,823,Troxipide,S4128,"COC1=CC(=CC(OC)=C1OC)C(=O)NC1CCCNC1 |c:4,8,t:2|",L1300-10,h4
824,824,Deoxyarbutin,S4132,"OC1=CC=C(OC2CCCCO2)C=C1 |c:13,t:1,3|",L1300-10,a5
825,825,Clorprenaline HCL,S4135,"Cl.CC(C)NCC(O)C1=CC=CC=C1Cl |c:9,11,t:7|",L1300-10,b5
826,826,Carprofen,S4136,"CC(C(O)=O)C1=CC2=C(C=C1)C1=C(N2)C=CC(Cl)=C1 |c:7,9,12,16,19,t:5|",L1300-10,c5
827,827,Dropropizine,S4138,"OCC(O)CN1CCN(CC1)C1=CC=CC=C1 |c:14,16,t:12|",L1300-10,d5
828,828,Amprolium HCl,S4144,"Cl.[Cl-].CCCC1=NC=C(C[N+]2=C(C)C=CC=C2)C(N)=N1 |c:8,11,13,17,t:3,5|",L1300-10,e5
835,835,Chlorzoxazone,S4155,"ClC1=CC2=C(OC(=O)N2)C=C1 |c:10,t:1,3|",L1300-10,d6
836,836,Bezafibrate,S4159,"CC(C)(OC1=CC=C(CCNC(=O)C2=CC=C(Cl)C=C2)C=C1)C(O)=O |c:18,21,t:4,6,13,15|",L1300-10,e6
837,837,Penicillin G Sodium,S4160,"[Na+].[H][C@]12SC(C)(C)[C@@H](N1C(=O)[C@H]2NC(=O)CC1=CC=CC=C1)C([O-])=O |r,c:19,21,t:17|",L1300-10,f6
838,838,Benzoic acid,S4161,"OC(=O)C1=CC=CC=C1 |c:5,7,t:3|",L1300-10,g6
841,841,Benzydamine Hydrochloride,S4165,"Cl.CN(C)CCCOC1=NN(CC2=CC=CC=C2)C2=CC=CC=C12 |c:13,15,20,t:7,11,18,22|",L1300-10,b7
842,842,Chlorpropamide,S4166,"CCCNC(=O)NS(=O)(=O)C1=CC=C(Cl)C=C1 |c:15,t:10,12|",L1300-10,c7
844,844,Teriflunomide,S4169,"C\C(O)=C(/C#N)C(=O)NC1=CC=C(C=C1)C(F)(F)F |c:11,13,t:9|",L1300-10,e7
845,845,Coumarin,S4170,"O=C1OC2=C(C=CC=C2)C=C1 |c:5,7,10,t:3|",L1300-10,f7
846,846,Choline Chloride,S4171,[Cl-].C[N+](C)(C)CCO,L1300-10,g7
851,851,Uracil,S4177,O=C1NC=CC(=O)N1 |c:3|,L1300-10,d8
852,852,Climbazole,S4178,"CC(C)(C)C(=O)C(OC1=CC=C(Cl)C=C1)N1C=CN=C1 |c:13,17,19,t:8,10|",L1300-10,e8
859,859,Salicylanilide,S4187,"OC1=CC=CC=C1C(=O)NC1=CC=CC=C1 |c:3,5,13,15,t:1,11|",L1300-10,d9
860,860,Sasapyrine,S4188,"OC(=O)C1=CC=CC=C1OC(=O)C1=CC=CC=C1O |c:5,7,15,17,t:3,13|",L1300-10,e9
861,861,Cyclandelate,S4189,"CC1CC(CC(C)(C)C1)OC(=O)C(O)C1=CC=CC=C1 |c:17,19,t:15|",L1300-10,f9
862,862,Cinchophen,S4190,"OC(=O)C1=C2C=CC=CC2=NC(=C1)C1=CC=CC=C1 |c:3,5,7,10,12,17,19,t:15|",L1300-10,g9
863,863,Betamipron,S4191,"OC(=O)CCNC(=O)C1=CC=CC=C1 |c:10,12,t:8|",L1300-10,h9
864,864,Chlorquinaldol,S4192,"CC1=CC=C2C(Cl)=CC(Cl)=C(O)C2=N1 |c:6,13,t:1,3,9|",L1300-10,a10
866,866,Broxyquinoline,S4195,"OC1=C2N=CC=CC2=C(Br)C=C1Br |c:1,3,5,11,t:8|",L1300-10,c10
868,868,Bemegride,S4197,CCC1(C)CC(=O)NC(=O)C1,L1300-10,e10
869,869,Aminothiazole,S4198,"NC1=NC=CS1 |c:3,t:1|",L1300-10,f10
870,870,Antazoline HCl,S4199,"Cl.C(N(CC1=CC=CC=C1)C1=CC=CC=C1)C1=NCCN1 |c:5,7,12,14,t:3,10,17|",L1300-10,g10
871,871,Tolperisone HCl,S4200,"Cl.CC(CN1CCCCC1)C(=O)C1=CC=C(C)C=C1 |c:17,t:12,14|",L1300-10,h10
872,872,Florfenicol,S4201,"CS(=O)(=O)C1=CC=C(C=C1)[C@@H](O)[C@@H](CF)NC(=O)C(Cl)Cl |r,c:6,8,t:4|",L1300-10,a11
874,874,Isosorbide,S4204,[H][C@]12OC[C@@H](O)[C@@]1([H])OC[C@@H]2O |r|,L1300-10,c11
875,875,Dibenzothiophene,S4205,"S1C2=CC=CC=C2C2=C1C=CC=C2 |c:3,5,8,11,13,t:1|",L1300-10,d11
876,876,Cysteamine HCl,S4206,Cl.NCCS,L1300-10,e11
877,877,Clofibric acid,S4207,"CC(C)(OC1=CC=C(Cl)C=C1)C(O)=O |c:9,t:4,6|",L1300-10,f11
878,878,Chromocarb,S4208,"OC(=O)C1=CC(=O)C2=CC=CC=C2O1 |c:9,11,t:3,7|",L1300-10,g11
879,879,Chlorocresol,S4209,"CC1=C(Cl)C=CC(O)=C1 |c:1,4,7|",L1300-10,h11
880,880,Benzocaine,S4210,"CCOC(=O)C1=CC=C(N)C=C1 |c:10,t:5,7|",L1300-11,a1
886,886,Azaperone,S4219,"FC1=CC=C(C=C1)C(=O)CCCN1CCN(CC1)C1=CC=CC=N1 |c:3,5,22,24,t:1,20|",L1300-11,g1
888,888,Benzbromarone,S4221,"CCC1=C(C(=O)C2=CC(Br)=C(O)C(Br)=C2)C2=C(O1)C=CC=C2 |c:2,13,16,20,22,t:6,9|",L1300-11,a2
891,891,Mexiletine HCl,S4225,"Cl.CC(N)COC1=C(C)C=CC=C1C |c:5,8,10|",L1300-11,d2
893,893,Fluorometholone Acetate,S4228,"[H][C@@]12CC[C@](OC(C)=O)(C(C)=O)[C@@]1(C)C[C@]([H])(O)[C@@]1(F)[C@@]2([H])C[C@]([H])(C)C2=CC(=O)C=C[C@]12C |r,c:32,t:28|",L1300-11,f2
895,895,Oxaprozin,S4230,"OC(=O)CCC1=NC(=C(O1)C1=CC=CC=C1)C1=CC=CC=C1 |c:7,13,15,20,22,t:5,11,18|",L1300-11,h2
896,896,Pilocarpine HCl,S4231,"Cl.CC[C@H]1[C@@H](CC2=CN=CN2C)COC1=O |r,c:7,t:5|",L1300-11,a3
897,897,Nithiamide,S4232,"CC(=O)NC1=NC=C(S1)[N+]([O-])=O |c:6,t:4|",L1300-11,b3
898,898,Zoxazolamine,S4233,"NC1=NC2=C(O1)C=CC(Cl)=C2 |c:3,7,10,t:1|",L1300-11,c3
902,902,Bergapten,S4239,"COC1=C2C=COC2=CC2=C1C=CC(=O)O2 |c:2,4,8,10,13|",L1300-11,g3
905,905,Deoxycorticosterone acetate,S4243,"[H][C@@]12CC[C@H](C(=O)COC(C)=O)[C@@]1(C)CC[C@@]1([H])[C@@]2([H])CCC2=CC(=O)CC[C@]12C |r,t:24|",L1300-11,b4
909,909,Rotigotine,S4274,"CCCN(CCC1=CC=CS1)[C@H]1CCC2=C(C1)C=CC=C2O |r,c:8,15,19,21,t:6|",L1300-11,f4
912,912,Meclofenamate Sodium,S4295,"CC1=C(Cl)C(NC2=CC=CC=C2C(=O)O[Na])=C(Cl)C=C1 |c:1,8,10,19,t:6,16|",L1300-11,a5
914,914,9-Aminoacridine,S4303,"NC1=C2C=CC=CC2=NC2=CC=CC=C12 |c:1,3,5,8,12,t:10,14|",L1300-11,c5
920,920,Diphenylpyraline HCl ,S4321,"Cl.CN1CCC(CC1)OC(C1=CC=CC=C1)C1=CC=CC=C1 |c:12,14,19,21,t:10,17|",L1300-11,a6
922,922,Ethoxzolamide,S4326,"CCOC1=CC=C2N=C(SC2=C1)S(N)(=O)=O |c:7,11,t:3,5|",L1300-11,c6
925,925,Mepiroxol,S4333,"OCC1=C[N+]([O-])=CC=C1 |c:5,7,t:2|",L1300-11,f6
929,929,Meticrane,S4339,"CC1=C(C=C2C(CCCS2(=O)=O)=C1)S(N)(=O)=O |c:3,12,t:1|",L1300-11,b7
931,931,Nalmefene HCl,S4341,"Cl.[H][C@@]12OC3=C(O)C=CC4=C3[C@@]11CCN(CC3CC3)[C@H](C4)[C@]1(O)CCC2=C |r,c:3,6,8|",L1300-11,d7
936,936,Procyclidine HCl ,S4349,"Cl.OC(CCN1CCCC1)(C1CCCCC1)C1=CC=CC=C1 |c:19,21,t:17|",L1300-11,a8
939,939,Tacrine HCl,S4357,"Cl.NC1=C2C=CC=CC2=NC2=C1CCCC2 |c:1,3,5,8,10|",L1300-11,d8
941,941,Carbachol,S4359,[Cl-].C[N+](C)(C)CCOC(N)=O,L1300-11,f8
949,949,Pridinol Methanesulfonate,S4371,"CS(O)(=O)=O.OC(CCN1CCCCC1)(C1=CC=CC=C1)C1=CC=CC=C1 |c:17,19,24,26,t:15,22|",L1300-11,f9
950,950,Triflupromazine HCl,S4372,"Cl.CN(C)CCCN1C2=CC(=CC=C2SC2=C1C=CC=C2)C(F)(F)F |c:9,11,15,18,20,t:7|",L1300-11,g9
951,951,Dicyclomine HCl,S4373,Cl.CCN(CC)CCOC(=O)C1(CCCCC1)C1CCCCC1,L1300-11,h9
953,953,Mepenzolate Bromide,S4375,"[Br-].C[N+]1(C)CCC(CC1)OC(=O)C(O)(C1=CC=CC=C1)C1=CC=CC=C1 |c:16,18,23,25,t:14,21|",L1300-11,b10
954,954,Aceclidine HCl,S4376,Cl.[H][C@]12CCN(CC1)CC2OC(C)=O |r|,L1300-11,c10
955,955,Imipramine HCl,S4377,"Cl.CN(C)CCCN1C2=C(CCC3=C1C=CC=C3)C=CC=C2 |c:7,11,14,16,19,21|",L1300-11,d10
967,967,Nifenazone,S4401,"CN1N(C(=O)C(NC(=O)C2=CC=CN=C2)=C1C)C1=CC=CC=C1 |c:11,13,15,21,23,t:9,19|",L1300-11,h11
971,971,Procodazole,S4408,"OC(=O)CCC1=NC2=C(N1)C=CC=C2 |c:7,11,13,t:5|",L1300-12,d1
973,973,Trimipramine Maleate,S4416,"OC(=O)\C=C/C(O)=O.CC(CN(C)C)CN1C2=CC=CC=C2CCC2=C1C=CC=C2 |c:17,19,24,27,29,t:15|",L1300-12,f1
